{
    "version": 1,
    "editor": "wokwi",
    "author": "{{authors}}",
    "parts": [
        {
            "type": "{{ wokwi_board }}",
            "id": "esp",
            "top": 0.59,
            "left": 0.67,
            "attrs": {
                "flashSize": "16"
            }
        }
    ],
    "connections": [
        [
            "esp:TX",
            "$serialMonitor:RX",
            "",
            []
        ],
        [
            "esp:RX",
            "$serialMonitor:TX",
            "",
            []
        ]
    ],
    "serialMonitor": {
        "display": "terminal",
        "convertEol": true
    }
}
